Support Ticket Output Gpt Subcategory,Zendesk Tickets ID,Zendesk Tickets Subject,Zendesk Comments ID,Zendesk Tickets Ent ID,Zendesk Tickets Root Cause,Zendesk Comments Body
Reselection,78788,Offline Message from Katherine Miranda Hudson: added a smart tip but cannot get it to display in preview mode,46402347403033,3ad431a3-352e-4be6-bef3-caff3b50d7f1,I‚ÄôvereselectedthesmarttipandaddedthenecessaryCSSselector.smarttipnowworkingasexpected.,"Message sent: 2025-05-01 02:17 AM UTC

Name: Katherine Miranda Hudson
Email: katherine.hudson@bluescopesteel.com
Phone: -
Notes: -

IP: 165.225.232.115
User Agent: Mozilla/5.0 (Windows NT 10.0; Win64; x64) AppleWebKit/537.36 (KHTML, like Gecko) Chrome/135.0.0.0 Safari/537.36
Country: Australia
City: Sydney
URL: https://whatfix.com/dashboard-guidance/Bluescope_D365_Lyft/#/contents/design/ready?type=tip&page=0

Chat ID: 2505.2390724.UjuMNYJd6Mj7F

Offline transcript: Hi, I added a smart tip but cannot get it to display in preview mode. I've tried refreshing, editing the smart tip and adjusting the visibility rules but cannot get it to display. Any help would be welcomed. Thanks, Katherine"
Reselection,78788,Offline Message from Katherine Miranda Hudson: added a smart tip but cannot get it to display in preview mode,46402359290649,3ad431a3-352e-4be6-bef3-caff3b50d7f1,I‚ÄôvereselectedthesmarttipandaddedthenecessaryCSSselector.smarttipnowworkingasexpected.,"Hi, I added a smart tip but cannot get it to display in preview mode. I've tried refreshing, editing the smart tip and adjusting the visibility rules but cannot get it to display. Any help would be welcomed. Thanks, Katherine"
Reselection,78788,Offline Message from Katherine Miranda Hudson: added a smart tip but cannot get it to display in preview mode,46402702432409,3ad431a3-352e-4be6-bef3-caff3b50d7f1,I‚ÄôvereselectedthesmarttipandaddedthenecessaryCSSselector.smarttipnowworkingasexpected.,"**Here are the details for this account**

**CSM:** pulkit.saini@whatfix.com
**Account name:** BlueScope_D365
**Region:** ANZ

**Support Package:** Standard
**Support POC:** N/A

**Is DAA:** false
**DAA on the Account:** N/A

**Dashboard:** [Go to dashboard](https://whatfix.com/dashboard-guidance/Bluescope_D365_Lyft)

**Tech Notes:** N/A

**Application access details**

Sandbox : https://bluescope-ssc-presit.sandbox.operations.dynamics.com"
Reselection,78788,Offline Message from Katherine Miranda Hudson: added a smart tip but cannot get it to display in preview mode,46402737035801,3ad431a3-352e-4be6-bef3-caff3b50d7f1,I‚ÄôvereselectedthesmarttipandaddedthenecessaryCSSselector.smarttipnowworkingasexpected.,"Hi Katherine,

Thank you for reaching out to the Whatfix Support Team.

Could you please share the name of the Smart-tip you're referring to? This will help us check the details and assist you further.

Regards,
Yashwanth Kore"
Reselection,78788,Offline Message from Katherine Miranda Hudson: added a smart tip but cannot get it to display in preview mode,46404993604377,3ad431a3-352e-4be6-bef3-caff3b50d7f1,I‚ÄôvereselectedthesmarttipandaddedthenecessaryCSSselector.smarttipnowworkingasexpected.,"Hi Yashwanth,



Nice to talk to you again. The smart tip I can't see in preview mode is called 'Create Sales Quote - Side Form Tips'.



 ![](https://whatfix.zendesk.com/attachments/token/oJ1dYw0U78JlPjPRYz1EDxIwP/?name=image.png)



What I'm expecting to see when I preview is this smart tip on delivery name:

 ![](https://whatfix.zendesk.com/attachments/token/T293Ygu5UMMcadvPW8xEOFWYJ/?name=image.png)



However, in preview mode, the smart tip is not showing on the delivery name textbox.



 ![](https://whatfix.zendesk.com/attachments/token/qPBmDkG0RV2kPipsBvxZ07AI0/?name=image.png)



Any suggestions would be welcome.



Thanks,

Katherine

* * *

**From:** Yashwanth Kore
**Sent:** Thursday, May 1, 2025 12:25 PM
**To:** Hudson, Katherine
**Subject:** [Whatfix] Re: Offline Message from Katherine Miranda Hudson



Caution

This message came from outside your organization.

Report Suspicious"
Reselection,78788,Offline Message from Katherine Miranda Hudson: added a smart tip but cannot get it to display in preview mode,46407739764249,3ad431a3-352e-4be6-bef3-caff3b50d7f1,I‚ÄôvereselectedthesmarttipandaddedthenecessaryCSSselector.smarttipnowworkingasexpected.,"Hi Katherine,

I wanted to let you know that I‚Äôve reselected the smart tip and added the necessary CSS selector. It‚Äôs now working as expected.

Please check on your end and let me know if you encounter any issues‚ÄîI‚Äôll be happy to assist.

Regards,
Yashwanth Kore"
Reselection,78788,Offline Message from Katherine Miranda Hudson: added a smart tip but cannot get it to display in preview mode,46441777057177,3ad431a3-352e-4be6-bef3-caff3b50d7f1,I‚ÄôvereselectedthesmarttipandaddedthenecessaryCSSselector.smarttipnowworkingasexpected.,"Hi Yashwanth,



Excellent.



Thank you.



Yours,

Katherine

* * *"
Reselection,78788,Offline Message from Katherine Miranda Hudson: added a smart tip but cannot get it to display in preview mode,46444266803609,3ad431a3-352e-4be6-bef3-caff3b50d7f1,I‚ÄôvereselectedthesmarttipandaddedthenecessaryCSSselector.smarttipnowworkingasexpected.,"Hi Katherine,

Thank you for confirming!

I'll close this thread for now. Please feel free to reopen it by replying to this thread or raise a new one with us in case of any issues/concerns.

Regards,
Yashwanth Kore"
Reselection,78788,Offline Message from Katherine Miranda Hudson: added a smart tip but cannot get it to display in preview mode,46450690917913,3ad431a3-352e-4be6-bef3-caff3b50d7f1,I‚ÄôvereselectedthesmarttipandaddedthenecessaryCSSselector.smarttipnowworkingasexpected.,"Hi Yashwanth,



Thanks. Said I was happy with the help you've given me.



Thanks,

Katherine

* * *"
Reselection,78788,Offline Message from Katherine Miranda Hudson: added a smart tip but cannot get it to display in preview mode,46451554249369,3ad431a3-352e-4be6-bef3-caff3b50d7f1,I‚ÄôvereselectedthesmarttipandaddedthenecessaryCSSselector.smarttipnowworkingasexpected.,"Hi Katherine,

Thank you for your kind words! I'm really glad I could help, and I appreciate you taking the time to share your feedback.

Regards,
Yashwanth Kore"
Reselection,78969,Smart Tip - Notice Period: Flickering Issue,46549193050905,432193b0-7e2f-4bbb-9ed4-905446cd3477,element‚Äôspropertiesweredynamicallychangingwhenhoveringoverthetip.\n\nAddedcssselectortofixtheissue,"Hi Team ‚Äì Our Smart Tip for Notice period is blinking upon hovering the mouse. The Navigation to reach that page is below -

1. Click**Me**
2. Click **Personal Inormation**
3. Click **Employee Info**



Our dashboard URL is as below ‚Äì

https://whatfix.com/dashboard-guidance/BNY_Oracle_HCM/#/integrations/dashboard



Can you please fix this? Let me know if a call is needed.



Regards,

Navdeep

* * *
**Notice: We've simplified our company umbrella brand to BNY. While we're making updates to our channels to reflect this change, you may still see emails from bnymellon.com. For more information on our brand evolution please read about it in our Newsroom.**


_Notice: The information contained in this e-mail, and any attachment, is confidential and is intended solely for the use of the intended recipient. Access, copying, or re-use of the e-mail or any attachment, or any information contained therein, by any other person is not authorized. If you are not the intended recipient, please return the e-mail to the sender and delete it from your computer. Emails may be interfered with and may contain viruses or other defects. We provide no warranties in relation to these matters. For information on how to help protect yourself from fraud, including cyberfraud and other fraudulent activity, please visit our Information Security and Protection Page. Please refer to https://www.bny.com/corporate/emea/en/disclaimers/eu-disclosures.html for certain disclosures relating to European legal entities. Please note that we may use tracking pixels to monitor your interaction with reports and data delivered via this email. To learn how BNY Mellon uses personal information, please read our Data Privacy Notice.

To unsubscribe from this group and stop receiving emails from it, send an email to support+unsubscribe@whatfix.com._"
Reselection,78969,Smart Tip - Notice Period: Flickering Issue,46549561143065,432193b0-7e2f-4bbb-9ed4-905446cd3477,element‚Äôspropertiesweredynamicallychangingwhenhoveringoverthetip.\n\nAddedcssselectortofixtheissue,"Hi Navdeep,

Thank you for reaching out to Whatfix's Support. I hope you are doing well!

Kindly allow me some time to check the smart tip and I‚Äôll get back to you shortly with an update.

Thanks & Regards,
Pranav Kanagal"
Reselection,78969,Smart Tip - Notice Period: Flickering Issue,46550122628249,432193b0-7e2f-4bbb-9ed4-905446cd3477,element‚Äôspropertiesweredynamicallychangingwhenhoveringoverthetip.\n\nAddedcssselectortofixtheissue,"Hi Navdeep,

We are not able to access the application with the User ID: XBBJ9BX

Can you please help me with this so that I can check this further at my end?

Thanks & Regards,
Pranav Kanagal"
Reselection,78969,Smart Tip - Notice Period: Flickering Issue,46550181762585,432193b0-7e2f-4bbb-9ed4-905446cd3477,element‚Äôspropertiesweredynamicallychangingwhenhoveringoverthetip.\n\nAddedcssselectortofixtheissue,"Hi Pranav ‚Äì Could you please confirm which Instance you are trying log in? DEV6, DEV11 or DEV17 ??



Thanks

Navdeep"
Reselection,78969,Smart Tip - Notice Period: Flickering Issue,46551618646553,432193b0-7e2f-4bbb-9ed4-905446cd3477,element‚Äôspropertiesweredynamicallychangingwhenhoveringoverthetip.\n\nAddedcssselectortofixtheissue,"Hi Navdeep,

I tried accessing the Dev11 and could successfully login. I was previously trying for dev3.

I will further check the smart tip issue and write back here with an update accordingly.

Thanks & Regards,
Pranav Kanagal"
Reselection,78969,Smart Tip - Notice Period: Flickering Issue,46574679103129,432193b0-7e2f-4bbb-9ed4-905446cd3477,element‚Äôspropertiesweredynamicallychangingwhenhoveringoverthetip.\n\nAddedcssselectortofixtheissue,"Hi Navdeep,

Upon investigating the issue with the Smart Tip, I found that the element‚Äôs properties were dynamically changing when hovering over the tip. This behaviour caused the tip to repeatedly disappear and reappear after the tooltip vanished, creating a recursive loop.

To resolve this, I applied a CSS selector to stabilise the Smart Tip. The updated version has been moved to the **Ready** stage.I also noticed a similar issue with the Smart Tip titled ""**Grade**‚Äù and I have applied the same fix to that tip as well.

Please test both tips on your end and let me know if everything is working as expected or if you face any further issues. I'm happy to assist further if needed.

Thanks & Regards,
Pranav Kanagal"
Reselection,78969,Smart Tip - Notice Period: Flickering Issue,46575243417497,432193b0-7e2f-4bbb-9ed4-905446cd3477,element‚Äôspropertiesweredynamicallychangingwhenhoveringoverthetip.\n\nAddedcssselectortofixtheissue,"Hi Pranav ‚Äì Both the smart tips are working fine in DEV11 instance now. Can you please move this to Prod?



Also wanted to check if I can click on publish, will this move to prod or any other action is required.

![](https://whatfix.zendesk.com/attachments/token/hC1lRNkWXQPPGxUPAjB5qPZgM/?name=image001.png)"
Reselection,78969,Smart Tip - Notice Period: Flickering Issue,46575251677209,432193b0-7e2f-4bbb-9ed4-905446cd3477,element‚Äôspropertiesweredynamicallychangingwhenhoveringoverthetip.\n\nAddedcssselectortofixtheissue,"Morning,



Try password: Driver12345!



George Townson

**Business Analyst**

** **

 **![](https://whatfix.zendesk.com/attachments/token/UeuHKGqVUgQs6rYJB1RYultZD/?name=Outlook-qj504olv.png)**
**t: **
** ** +44 7894475070

**e:**
** george.townson@microlise.com**

**w:**
**  www.trutac.co.uk**

 **![](https://whatfix.zendesk.com/attachments/token/kddUVaXnSIg2PqsWxV4ypKZqv/?name=Outlook-dotx3bcq.png)**
 **![](https://whatfix.zendesk.com/attachments/token/7QPNGFknTNHXxOdjB3EfpOoby/?name=Outlook-wb2njdn0.png)**
 **![](https://whatfix.zendesk.com/attachments/token/bjsZ7TfVaNBoHLuHdbco0hKjt/?name=Outlook-lbesx0vr.png)**
 **![](https://whatfix.zendesk.com/attachments/token/LZIv9sioOY0GC24DBGXuHqJu8/?name=Outlook-rmppo5td.png)**
**a:**
**  5 & 6 Westwood House, Coventry, CV4 8HS**



**Upcoming Annual Leave:**

**23/06/2025 - 27/06/2025**

**21/08/2025 - 26/08/2025**

**22/09/2025 - 26/09/2025**

**22/12/2025 - 02/01/2026**

* * *"
Reselection,78969,Smart Tip - Notice Period: Flickering Issue,46575319336985,432193b0-7e2f-4bbb-9ed4-905446cd3477,element‚Äôspropertiesweredynamicallychangingwhenhoveringoverthetip.\n\nAddedcssselectortofixtheissue,"Hi Navdeep,

Thanks for confirming. There is no other action needed. You can just select the two tips and click on '**Publish**' and this is will be pushed to production.

Feel free to reach out if you have any further questions ‚Äî I‚Äôll be happy to assist you!

If there are no further queries, I will proceed with the closure of this ticket.

Thanks & Regards,
Pranav Kanagal"
Reselection,78969,Smart Tip - Notice Period: Flickering Issue,46575661542937,432193b0-7e2f-4bbb-9ed4-905446cd3477,element‚Äôspropertiesweredynamicallychangingwhenhoveringoverthetip.\n\nAddedcssselectortofixtheissue,"Thanks Pranav. I have published and issue is resolved in Production now.

Both the smart tips are appearing as expected.



Thanks

Navdeep"
Reselection,78969,Smart Tip - Notice Period: Flickering Issue,46576019083417,432193b0-7e2f-4bbb-9ed4-905446cd3477,element‚Äôspropertiesweredynamicallychangingwhenhoveringoverthetip.\n\nAddedcssselectortofixtheissue,"Thanks for confirming, Navdeep.

Since the issue is resolved, I will proceed with the closure of this ticket.

Wishing you a fantastic rest of the week!

Thanks & Regards,
Pranav Kanagal"
Reselection,78969,Smart Tip - Notice Period: Flickering Issue,46576046283673,432193b0-7e2f-4bbb-9ed4-905446cd3477,element‚Äôspropertiesweredynamicallychangingwhenhoveringoverthetip.\n\nAddedcssselectortofixtheissue,"Thanks for your help. Much appreciated!



Navdeep"
Reselection,78969,Smart Tip - Notice Period: Flickering Issue,46576118234009,432193b0-7e2f-4bbb-9ed4-905446cd3477,element‚Äôspropertiesweredynamicallychangingwhenhoveringoverthetip.\n\nAddedcssselectortofixtheissue,"Always happy to help, Navdeep! üòÑ

If you haven‚Äôt already, please take a moment to fill out the feedback survey we sent your way‚Äîwe truly value your input and would love to hear about your support experience.

As always, if you run into any other issues or have further questions, feel free to reach out to us at support@whatfix.com. We‚Äôll be more than happy to assist.

Wishing you a great rest of your day!

Thanks & Regards,
Pranav Kanagal"